1,Hazlehurst,Sallee,21/07/1931,23,1999291158,9198432408,shazlehurst0@icq.com
3,Gosling,Parrnell,22/06/1909,16,4807577670,3279525219,pgosling2@nps.gov
4,Leavy,Addy,10/02/1924,22,397192797,2994452392,aleavy3@stanford.edu
5,Stoppe,Forster,24/10/1911,27,433823712,2877320073,fstoppe4@eepurl.com
6,Bullivant,Marcel,28/08/1927,3,5346013881,9071920249,mbullivant5@foxnews.com
7,Beaney,Gussie,13/01/1916,20,1248817982,8633928723,gbeaney6@jigsy.com
8,Deakins,North,3/10/1913,4,9588132339,9184244083,ndeakins7@ebay.com
9,Yorke,Skye,12/07/1922,2,4450115376,1454758145,syorke8@ft.com
10,Stebbings,Griff,4/05/1910,30,7316937998,8748012200,gstebbings9@mapy.cz
11,Everil,Rosamond,5/08/1932,17,9535219057,7869087225,reverila@weebly.com
12,Bevens,Darius,9/07/1917,15,3460807024,7516203462,dbevensb@blogs.com
13,Moreside,Emmalyn,9/02/1931,29,9630008726,4163693095,emoresidec@skyrock.com
14,Maxwale,Juli,24/07/1930,18,1399635425,3846343521,jmaxwaled@diigo.com
15,Kemer,Cointon,25/08/1919,15,6797425921,3036408461,ckemere@people.com.cn
16,"Le Sieur",Ninon,2/10/1913,17,9227894454,8317931225,nlesieurf@noaa.gov
17,Skeates,Brendin,1/08/1910,30,921376014,6775967802,bskeatesg@drupal.org
18,Wombwell,Thomasa,28/04/1911,23,9930484469,7102069024,twombwellh@aol.com
19,Pietrowski,Maury,30/08/1938,25,6777370358,4449946154,mpietrowskii@wikia.com
20,Beavon,Myrle,2/06/1916,30,6700120748,6531193361,mbeavonj@abc.net.au
21,Hirthe,Desmund,21/06/1922,7,962514489,3751604782,dhirthek@g.co
22,Ambrose,Ira,27/01/1923,20,37811509,5267620978,iambrosel@google.cn
23,Golding,Clemmy,9/12/1909,25,2196755699,3718730200,cgoldingm@yelp.com
24,Naisey,Reiko,6/06/1939,23,9765424159,1454755857,rnaiseyn@geocities.jp
25,Edens,Sim,3/11/1917,17,7957427499,6153761200,sedenso@about.com
26,Keeves,Omar,8/12/1914,22,1322832196,7259662684,okeevesp@miitbeian.gov.cn
27,Greenrodd,Ericka,5/11/1935,8,1771460091,5912995770,egreenroddq@wikia.com
28,Marrington,Michale,14/02/1928,24,6013792070,1495502984,mmarringtonr@craigslist.org
29,Juschka,Ericka,14/03/1924,12,2831232961,5464396932,ejuschkas@goo.ne.jp
30,Tranmer,Franklin,21/03/1918,30,1775480453,2296745705,ftranmert@about.me
31,Olliar,Mahalia,2/12/1927,2,6959365945,7887515925,molliaru@un.org
32,Ellacott,Eirena,4/03/1926,12,1918357102,5196892015,eellacottv@mapquest.com
33,Betho,Iseabal,13/03/1927,12,6980371215,3604233112,ibethow@trellian.com
34,Sweet,Devan,23/01/1937,8,6916749814,7059981597,dsweetx@blinklist.com
35,Philippet,Bevon,9/02/1927,5,7955138546,3576296020,bphilippety@typepad.com
36,Babe,Lauralee,12/12/1936,6,4438260183,5596512179,lbabez@trellian.com
37,MacMickan,Vickie,25/01/1926,29,5867339335,6795718946,vmacmickan10@reverbnation.com
38,Cathie,Estrella,21/02/1937,25,4675838278,1218082183,ecathie11@archive.org
39,Ivanchin,Lev,28/09/1921,16,2265140120,6801914087,livanchin12@harvard.edu
40,Seid,Jacinthe,19/02/1939,19,9796419718,2763570732,jseid13@google.ca
41,Londing,Carmel,19/10/1920,29,6583292033,1568817695,clonding14@surveymonkey.com
42,Turpie,Wally,30/08/1923,30,5199130587,2366970161,wturpie15@cnet.com
43,Tapson,Angelina,10/06/1912,6,7290023056,9245980384,atapson16@ocn.ne.jp
44,Lidgard,Gretel,6/02/1923,19,2542844585,4396435320,glidgard17@netlog.com
45,Scammell,Angelina,12/04/1921,20,9714916550,2239606810,ascammell18@house.gov
46,Adriano,Virginia,14/12/1921,18,862987873,7542457881,vadriano19@yellowpages.com
47,Goodsall,Decca,22/06/1909,17,3502857016,6113605228,dgoodsall1a@paginegialle.it
48,Halshaw,Nickolai,3/01/1914,8,6414713589,6576209266,nhalshaw1b@soup.io
49,Hrinchenko,Danice,6/12/1929,22,561206813,8622601464,dhrinchenko1c@google.com.br
50,Utting,Dalli,31/03/1924,23,8576072157,4305494903,dutting1d@economist.com
51,Rosenfrucht,Quincey,3/06/1913,18,2735281256,9539300577,qrosenfrucht1e@pinterest.com
52,Ridsdole,Laverna,21/05/1935,19,1780687362,4412673057,lridsdole1f@seesaa.net
53,Auguste,Sasha,6/04/1937,13,2161274511,9433183307,sauguste1g@geocities.jp
54,Baiss,Gisela,24/03/1938,13,7537487103,6944383386,gbaiss1h@marketwatch.com
55,Macartney,Bernardo,14/04/1923,24,4985972460,1712525637,bmacartney1i@dailymotion.com
56,Couvert,Maridel,13/09/1933,8,9715684742,8774371103,mcouvert1j@gravatar.com
57,Joskovitch,Caressa,29/07/1939,30,5034724170,5508569152,cjoskovitch1k@pen.io
58,Barrable,Joceline,14/06/1939,19,148569471,6134932970,jbarrable1l@infoseek.co.jp
59,Hartley,Noelyn,27/05/1917,8,5079183160,3313398630,nhartley1m@google.co.uk
60,Dankersley,Felic,23/02/1915,14,3902292784,2591406226,fdankersley1n@google.cn
61,Learned,Madge,19/04/1917,1,9619464990,7477401078,mlearned1o@mapquest.com
62,Clarae,Rhianna,24/10/1916,26,6706685224,5996679652,rclarae1p@clickbank.net
63,Roelofs,Geno,21/12/1909,29,4969633002,6564402782,groelofs1q@washingtonpost.com
64,Sleeman,Toddy,7/05/1914,12,5361531251,5089771781,tsleeman1r@state.gov
65,Tellenbrok,Reg,25/11/1923,11,4904040392,6528361252,rtellenbrok1s@ovh.net
66,Brugden,Brianna,21/09/1915,20,5126280201,9679513923,bbrugden1t@amazon.co.uk
67,Bardnam,Maurits,19/12/1915,19,121824160,4732592539,mbardnam1u@mapquest.com
68,Leopard,Prudence,12/03/1932,11,6492525191,2611243414,pleopard1v@bing.com
69,McDarmid,Merry,15/01/1920,26,7642027850,4888984468,mmcdarmid1w@netlog.com
70,Craven,Genni,14/07/1932,23,360230342,5171267369,gcraven1x@slate.com
71,Yashnov,Harlin,7/04/1913,24,6723250257,6896698753,hyashnov1y@geocities.com
72,Standbridge,Britt,22/06/1919,30,6547180549,1264997931,bstandbridge1z@wp.com
73,Harbison,Kim,1/10/1936,15,7586578419,8968103833,kharbison20@earthlink.net
74,Thalmann,Marcos,10/10/1925,23,2563453089,7029250365,mthalmann21@vkontakte.ru
75,Crush,Hamid,9/12/1922,19,449994740,4088925785,hcrush22@hexun.com
76,Vogt,Arda,8/02/1932,29,9629682338,7022961287,avogt23@ucoz.com
77,Filippucci,Colman,7/04/1929,5,8555654793,6975861950,cfilippucci24@live.com
78,O'Shavlan,Atalanta,26/12/1933,14,7042724895,6605746896,aoshavlan25@yellowbook.com
79,Kelinge,Perry,16/04/1929,26,1000325067,8742757199,pkelinge26@bizjournals.com
80,Coggill,Faythe,31/01/1933,12,2257415205,8666224316,fcoggill27@cpanel.net
81,McPeck,Mitzi,23/04/1921,24,6952788239,6598773756,mmcpeck28@timesonline.co.uk
82,Kirley,Paten,10/03/1927,24,9199589281,1546273275,pkirley29@wunderground.com
83,Seath,Lance,28/12/1923,26,9536587750,4267787361,lseath2a@wufoo.com
84,Lightman,Antoni,24/04/1922,10,5505500609,6295359930,alightman2b@g.co
85,Flockhart,Fulvia,18/09/1927,9,5540792335,5694999475,fflockhart2c@youtube.com
86,Brisset,Reggie,11/01/1925,9,529750767,3033064016,rbrisset2d@nydailynews.com
87,Broy,Lorrayne,10/10/1919,15,8430045848,8706408924,lbroy2e@merriam-webster.com
88,Castiglioni,Aprilette,20/02/1922,24,7217546990,8654449074,acastiglioni2f@wufoo.com
89,Ollington,Robinet,9/06/1929,19,4815785449,5897264488,rollington2g@canalblog.com
90,Marrett,Lula,14/04/1911,28,2010488814,2306129793,lmarrett2h@reference.com
91,Filippozzi,Teador,11/02/1916,24,8265867751,1764497972,tfilippozzi2i@storify.com
92,Bullon,Petunia,5/01/1931,18,4059487252,7969873931,pbullon2j@de.vu
93,MacGilfoyle,Margot,8/06/1916,10,1038531322,2837658784,mmacgilfoyle2k@wix.com
94,Blanko,Constancy,30/10/1911,10,9957768875,5032678708,cblanko2l@shop-pro.jp
95,Dwelley,Valdemar,10/01/1937,23,8688541590,6977327248,vdwelley2m@psu.edu
96,Grain,Eilis,4/11/1926,6,2556637080,7736758170,egrain2n@walmart.com
97,Fairholm,Merrily,10/05/1915,15,2892760275,7444122628,mfairholm2o@bloomberg.com
98,Moncrefe,Earl,5/09/1932,19,1470707411,4604922486,emoncrefe2p@cbsnews.com
100,Paskell,Edan,10/09/1928,20,7980953606,2503509689,epaskell2r@t.co
